Device,uname -a,arp -a,whoami
SERVER,Linux BATOCERA 5.2.16 #1 SMP Mon Nov 4 21:51:44 UTC 2019 x86_64 GNU/Linux,"? (192.168.0.12) at 00:23:7d:0f:33:f0 [ether]  on eth0
? (192.168.0.10) at 00:18:4d:ff:ff:07 [ether]  on eth0
? (192.168.0.1) at 9c:d3:6d:b1:25:bd [ether]  on eth0
? (192.168.0.18) at 00:d8:61:dd:e3:28 [ether]  on eth0",root
SERVER2,Linux BATOCERA 5.2.16 #1 SMP Mon Nov 4 21:51:44 UTC 2019 x86_64 GNU/Linux,"? (192.168.0.12) at 00:23:7d:0f:33:f0 [ether]  on eth0
? (192.168.0.10) at 00:18:4d:ff:ff:07 [ether]  on eth0
? (192.168.0.1) at 9c:d3:6d:b1:25:bd [ether]  on eth0
? (192.168.0.18) at 00:d8:61:dd:e3:28 [ether]  on eth0",root
